{
	"info": {
		"_postman_id": "f8d79768-7a8b-41f2-a979-cddaff705575",
		"name": "zynq",
		"schema": "https://schema.getpostman.com/json/collection/v2.1.0/collection.json",
		"_exporter_id": "38716805",
		"_collection_link": "https://life-momment.postman.co/workspace/My-Workspace~41c57e63-a0c2-40cf-8449-2af950f608c1/collection/38716805-f8d79768-7a8b-41f2-a979-cddaff705575?action=share&source=collection_link&creator=38716805"
	},
	"item": [
		{
			"name": "api",
			"item": [
				{
					"name": "Auth",
					"item": [
						{
							"name": "login-with-mobile",
							"request": {
								"auth": {
									"type": "noauth"
								},
								"method": "POST",
								"header": [],
								"body": {
									"mode": "raw",
									"raw": "{\r\n    \"mobile_number\" : \"+919302394128\",\r\n    \"language\" : \"en\"\r\n}",
									"options": {
										"raw": {
											"language": "json"
										}
									}
								},
								"url": {
									"raw": "{{zynq}}/api/login-with-mobile",
									"host": [
										"{{zynq}}"
									],
									"path": [
										"api",
										"login-with-mobile"
									]
								}
							},
							"response": [
								{
									"name": "login-with-mobile",
									"originalRequest": {
										"method": "POST",
										"header": [],
										"body": {
											"mode": "raw",
											"raw": "{\r\n    \"mobile_number\" : \"+919302394128\"\r\n}",
											"options": {
												"raw": {
													"language": "json"
												}
											}
										},
										"url": {
											"raw": "{{zynq}}/api/login-with-mobile",
											"host": [
												"{{zynq}}"
											],
											"path": [
												"api",
												"login-with-mobile"
											]
										}
									},
									"status": "OK",
									"code": 200,
									"_postman_previewlanguage": "json",
									"header": [
										{
											"key": "X-Powered-By",
											"value": "Express"
										},
										{
											"key": "Access-Control-Allow-Origin",
											"value": "*"
										},
										{
											"key": "Content-Type",
											"value": "application/json; charset=utf-8"
										},
										{
											"key": "Content-Length",
											"value": "100"
										},
										{
											"key": "ETag",
											"value": "W/\"64-ypYiOp+oMjkvJW+kPuWCtlkdbts\""
										},
										{
											"key": "Date",
											"value": "Fri, 04 Apr 2025 09:37:29 GMT"
										},
										{
											"key": "Connection",
											"value": "keep-alive"
										},
										{
											"key": "Keep-Alive",
											"value": "timeout=5"
										}
									],
									"cookie": [],
									"body": "{\n    \"success\": true,\n    \"status\": 200,\n    \"message\": \"OTP sent successfully to your mobile number.\",\n    \"data\": \"4333\"\n}"
								}
							]
						},
						{
							"name": "login-with-otp",
							"request": {
								"auth": {
									"type": "noauth"
								},
								"method": "POST",
								"header": [],
								"body": {
									"mode": "raw",
									"raw": "{\r\n    \"mobile_number\" : \"+919302394128\",\r\n    \"otp\" : \"2709\",\r\n    \"language\" : \"en\"\r\n}",
									"options": {
										"raw": {
											"language": "json"
										}
									}
								},
								"url": {
									"raw": "{{zynq}}/api/login-with-otp",
									"host": [
										"{{zynq}}"
									],
									"path": [
										"api",
										"login-with-otp"
									]
								}
							},
							"response": [
								{
									"name": "login-with-otp",
									"originalRequest": {
										"method": "POST",
										"header": [],
										"body": {
											"mode": "raw",
											"raw": "{\r\n    \"mobile_number\" : \"+919302394128\",\r\n    \"otp\" : \"1511\"\r\n}",
											"options": {
												"raw": {
													"language": "json"
												}
											}
										},
										"url": {
											"raw": "{{zynq}}/api/login-with-otp",
											"host": [
												"{{zynq}}"
											],
											"path": [
												"api",
												"login-with-otp"
											]
										}
									},
									"status": "OK",
									"code": 200,
									"_postman_previewlanguage": "json",
									"header": [
										{
											"key": "X-Powered-By",
											"value": "Express"
										},
										{
											"key": "Access-Control-Allow-Origin",
											"value": "*"
										},
										{
											"key": "Content-Type",
											"value": "application/json; charset=utf-8"
										},
										{
											"key": "Content-Length",
											"value": "256"
										},
										{
											"key": "ETag",
											"value": "W/\"100-2XC30jxGJL/mjrFDD7ykV9BmmsU\""
										},
										{
											"key": "Date",
											"value": "Fri, 04 Apr 2025 10:09:27 GMT"
										},
										{
											"key": "Connection",
											"value": "keep-alive"
										},
										{
											"key": "Keep-Alive",
											"value": "timeout=5"
										}
									],
									"cookie": [],
									"body": "{\n    \"success\": true,\n    \"status\": 200,\n    \"message\": \"Login Successful.\",\n    \"data\": \"eyJhbGciOiJIUzI1NiIsInR5cCI6IkpXVCJ9.eyJ1c2VyX2lkIjoxLCJtb2JpbGVfbnVtYmVyIjoiKzkxOTMwMjM5NDEyOCIsImlhdCI6MTc0Mzc2MTM2NywiZXhwIjoxNzUxNTM3MzY3fQ.Ys5KwNORm9OMFlpgDv2oyGySFfSmW3JwETlrjGPJ3wc\"\n}"
								}
							]
						},
						{
							"name": "get-profile",
							"request": {
								"method": "GET",
								"header": [],
								"url": {
									"raw": "{{zynq}}/api/profile",
									"host": [
										"{{zynq}}"
									],
									"path": [
										"api",
										"profile"
									]
								}
							},
							"response": [
								{
									"name": "get-profile",
									"originalRequest": {
										"method": "GET",
										"header": [],
										"url": {
											"raw": "{{zynq}}/api/profile",
											"host": [
												"{{zynq}}"
											],
											"path": [
												"api",
												"profile"
											]
										}
									},
									"status": "OK",
									"code": 200,
									"_postman_previewlanguage": "json",
									"header": [
										{
											"key": "X-Powered-By",
											"value": "Express"
										},
										{
											"key": "Access-Control-Allow-Origin",
											"value": "*"
										},
										{
											"key": "Content-Type",
											"value": "application/json; charset=utf-8"
										},
										{
											"key": "Content-Length",
											"value": "697"
										},
										{
											"key": "ETag",
											"value": "W/\"2b9-ecea6RgJuogyAkrsh92AxoNkqIE\""
										},
										{
											"key": "Date",
											"value": "Fri, 04 Apr 2025 10:09:33 GMT"
										},
										{
											"key": "Connection",
											"value": "keep-alive"
										},
										{
											"key": "Keep-Alive",
											"value": "timeout=5"
										}
									],
									"cookie": [],
									"body": "{\n    \"success\": true,\n    \"status\": 200,\n    \"message\": \"User profile fetched successfully\",\n    \"data\": {\n        \"user_id\": 1,\n        \"email\": null,\n        \"password\": null,\n        \"full_name\": \"full name here \",\n        \"age\": 24,\n        \"gender\": \"Male\",\n        \"mobile_number\": \"+919302394128\",\n        \"fcm_token\": null,\n        \"otp\": \"\",\n        \"profile_image\": \"http://localhost:4011/1743761330736-session_expired.png\",\n        \"language\": null,\n        \"jwt_token\": \"eyJhbGciOiJIUzI1NiIsInR5cCI6IkpXVCJ9.eyJ1c2VyX2lkIjoxLCJtb2JpbGVfbnVtYmVyIjoiKzkxOTMwMjM5NDEyOCIsImlhdCI6MTc0Mzc2MTM2NywiZXhwIjoxNzUxNTM3MzY3fQ.Ys5KwNORm9OMFlpgDv2oyGySFfSmW3JwETlrjGPJ3wc\",\n        \"is_verified\": true,\n        \"is_active\": true,\n        \"is_push_notification_on\": true,\n        \"is_location_on\": true,\n        \"createdAt\": \"2025-04-04T09:32:28.235Z\",\n        \"updatedAt\": \"2025-04-04T10:09:27.733Z\"\n    }\n}"
								}
							]
						},
						{
							"name": "profile/update",
							"request": {
								"method": "POST",
								"header": [],
								"body": {
									"mode": "formdata",
									"formdata": [
										{
											"key": "full_name",
											"value": "Zynq App",
											"type": "text"
										},
										{
											"key": "file",
											"type": "file",
											"src": "/C:/Users/dell/Downloads/amorous_favicon.png",
											"disabled": true
										},
										{
											"key": "gender",
											"value": "Male",
											"type": "text"
										},
										{
											"key": "age",
											"value": "24",
											"type": "text"
										},
										{
											"key": "is_push_notification_on",
											"value": "true",
											"type": "text",
											"disabled": true
										},
										{
											"key": "is_location_on",
											"value": "true",
											"type": "text",
											"disabled": true
										},
										{
											"key": "fcm_token",
											"value": "ertyuiohgfdfhjk",
											"type": "text"
										}
									]
								},
								"url": {
									"raw": "{{zynq}}/api/profile/update",
									"host": [
										"{{zynq}}"
									],
									"path": [
										"api",
										"profile",
										"update"
									]
								}
							},
							"response": [
								{
									"name": "profile/update",
									"originalRequest": {
										"method": "POST",
										"header": [],
										"body": {
											"mode": "formdata",
											"formdata": [
												{
													"key": "full_name",
													"value": "full name here ",
													"type": "text"
												},
												{
													"key": "file",
													"type": "file",
													"src": "/C:/Users/dell/Downloads/session_expired.png"
												},
												{
													"key": "gender",
													"value": "Male",
													"type": "text"
												},
												{
													"key": "age",
													"value": "24",
													"type": "text"
												}
											]
										},
										"url": {
											"raw": "{{zynq}}/api/profile/update",
											"host": [
												"{{zynq}}"
											],
											"path": [
												"api",
												"profile",
												"update"
											]
										}
									},
									"status": "OK",
									"code": 200,
									"_postman_previewlanguage": "json",
									"header": [
										{
											"key": "X-Powered-By",
											"value": "Express"
										},
										{
											"key": "Access-Control-Allow-Origin",
											"value": "*"
										},
										{
											"key": "Content-Type",
											"value": "application/json; charset=utf-8"
										},
										{
											"key": "Content-Length",
											"value": "70"
										},
										{
											"key": "ETag",
											"value": "W/\"46-fDmx+rM+zQ3JlJ9h96gxubMABGc\""
										},
										{
											"key": "Date",
											"value": "Fri, 04 Apr 2025 10:08:50 GMT"
										},
										{
											"key": "Connection",
											"value": "keep-alive"
										},
										{
											"key": "Keep-Alive",
											"value": "timeout=5"
										}
									],
									"cookie": [],
									"body": "{\n    \"success\": true,\n    \"status\": 200,\n    \"message\": \"Profile updated successfully\"\n}"
								}
							]
						},
						{
							"name": "delete-account",
							"request": {
								"method": "DELETE",
								"header": [],
								"body": {
									"mode": "raw",
									"raw": "",
									"options": {
										"raw": {
											"language": "json"
										}
									}
								},
								"url": {
									"raw": "{{zynq}}/api/delete-account",
									"host": [
										"{{zynq}}"
									],
									"path": [
										"api",
										"delete-account"
									]
								}
							},
							"response": [
								{
									"name": "delete-account",
									"originalRequest": {
										"method": "DELETE",
										"header": [],
										"url": {
											"raw": "{{amorous_app}}/api/delete-account",
											"host": [
												"{{amorous_app}}"
											],
											"path": [
												"api",
												"delete-account"
											]
										}
									},
									"status": "Not Found",
									"code": 404,
									"_postman_previewlanguage": "json",
									"header": [
										{
											"key": "X-Powered-By",
											"value": "Express"
										},
										{
											"key": "Access-Control-Allow-Origin",
											"value": "*"
										},
										{
											"key": "Content-Type",
											"value": "application/json; charset=utf-8"
										},
										{
											"key": "Content-Length",
											"value": "57"
										},
										{
											"key": "ETag",
											"value": "W/\"39-xRj5aoLID3ywm2+eOuvmmf3PSGM\""
										},
										{
											"key": "Date",
											"value": "Fri, 21 Mar 2025 08:10:25 GMT"
										},
										{
											"key": "Connection",
											"value": "keep-alive"
										},
										{
											"key": "Keep-Alive",
											"value": "timeout=5"
										}
									],
									"cookie": [],
									"body": "{\n    \"success\": false,\n    \"status\": 404,\n    \"message\": \"User Not Found\"\n}"
								}
							]
						},
						{
							"name": "terms-and-conditions",
							"request": {
								"auth": {
									"type": "noauth"
								},
								"method": "POST",
								"header": [],
								"body": {
									"mode": "raw",
									"raw": "{\r\n    \"language\": \"sv\"\r\n}",
									"options": {
										"raw": {
											"language": "json"
										}
									}
								},
								"url": {
									"raw": "{{zynq}}/api/terms-and-conditions",
									"host": [
										"{{zynq}}"
									],
									"path": [
										"api",
										"terms-and-conditions"
									]
								}
							},
							"response": [
								{
									"name": "terms-and-conditions",
									"originalRequest": {
										"method": "GET",
										"header": [],
										"url": {
											"raw": "{{amorous_app}}/api/terms-and-conditions",
											"host": [
												"{{amorous_app}}"
											],
											"path": [
												"api",
												"terms-and-conditions"
											]
										}
									},
									"status": "OK",
									"code": 200,
									"_postman_previewlanguage": "html",
									"header": [
										{
											"key": "X-Powered-By",
											"value": "Express"
										},
										{
											"key": "Access-Control-Allow-Origin",
											"value": "*"
										},
										{
											"key": "Content-Type",
											"value": "text/html; charset=utf-8"
										},
										{
											"key": "Content-Length",
											"value": "22"
										},
										{
											"key": "ETag",
											"value": "W/\"16-ifem5F+QLjrZPQ1hYIHcilGc1HE\""
										},
										{
											"key": "Date",
											"value": "Tue, 25 Mar 2025 06:02:41 GMT"
										},
										{
											"key": "Connection",
											"value": "keep-alive"
										},
										{
											"key": "Keep-Alive",
											"value": "timeout=5"
										}
									],
									"cookie": [],
									"body": "terms and conditions\r\n"
								}
							]
						},
						{
							"name": "privacy-policy",
							"request": {
								"auth": {
									"type": "noauth"
								},
								"method": "POST",
								"header": [],
								"body": {
									"mode": "raw",
									"raw": "{\r\n    \"language\" : \"sv\"\r\n}",
									"options": {
										"raw": {
											"language": "json"
										}
									}
								},
								"url": {
									"raw": "{{zynq}}/api/privacy-policy",
									"host": [
										"{{zynq}}"
									],
									"path": [
										"api",
										"privacy-policy"
									]
								}
							},
							"response": [
								{
									"name": "\\privacy-policy",
									"originalRequest": {
										"method": "POST",
										"header": [],
										"body": {
											"mode": "raw",
											"raw": "{\r\n    \"language\" : \"sv\"\r\n}",
											"options": {
												"raw": {
													"language": "json"
												}
											}
										},
										"url": {
											"raw": "{{zynq}}/api/privacy-policy",
											"host": [
												"{{zynq}}"
											],
											"path": [
												"api",
												"privacy-policy"
											]
										}
									},
									"status": "OK",
									"code": 200,
									"_postman_previewlanguage": "html",
									"header": [
										{
											"key": "X-Powered-By",
											"value": "Express"
										},
										{
											"key": "Access-Control-Allow-Origin",
											"value": "*"
										},
										{
											"key": "Content-Type",
											"value": "text/html; charset=utf-8"
										},
										{
											"key": "Content-Length",
											"value": "20"
										},
										{
											"key": "ETag",
											"value": "W/\"14-4U7aIbJjymOLnxNv4DG9LZ+QX54\""
										},
										{
											"key": "Date",
											"value": "Thu, 17 Apr 2025 11:34:08 GMT"
										},
										{
											"key": "Connection",
											"value": "keep-alive"
										},
										{
											"key": "Keep-Alive",
											"value": "timeout=5"
										}
									],
									"cookie": [],
									"body": "Privacy Policy In SV"
								}
							]
						}
					]
				},
				{
					"name": "Prompt",
					"item": [
						{
							"name": "add-update-prompt",
							"request": {
								"auth": {
									"type": "noauth"
								},
								"method": "POST",
								"header": [],
								"body": {
									"mode": "raw",
									"raw": "{\r\n    \"prompt_type\" : \"face_scan\",\r\n    \"prompt\" : \"prompt for face verification \"\r\n}",
									"options": {
										"raw": {
											"language": "json"
										}
									}
								},
								"url": {
									"raw": "{{zynq}}/api/add-update-prompt",
									"host": [
										"{{zynq}}"
									],
									"path": [
										"api",
										"add-update-prompt"
									]
								}
							},
							"response": [
								{
									"name": "add-update-prompt",
									"originalRequest": {
										"method": "POST",
										"header": [],
										"body": {
											"mode": "raw",
											"raw": "{\r\n    \"prompt_type\" : \"face_scan\",\r\n    \"prompt\" : \"prompt for face verification \"\r\n}",
											"options": {
												"raw": {
													"language": "json"
												}
											}
										},
										"url": {
											"raw": "{{zynq}}/api/add-update-prompt",
											"host": [
												"{{zynq}}"
											],
											"path": [
												"api",
												"add-update-prompt"
											]
										}
									},
									"status": "OK",
									"code": 200,
									"_postman_previewlanguage": "json",
									"header": [
										{
											"key": "X-Powered-By",
											"value": "Express"
										},
										{
											"key": "Access-Control-Allow-Origin",
											"value": "*"
										},
										{
											"key": "Content-Type",
											"value": "application/json; charset=utf-8"
										},
										{
											"key": "Content-Length",
											"value": "74"
										},
										{
											"key": "ETag",
											"value": "W/\"4a-VBAp0vr1MmpTB3htINy71ts0QE8\""
										},
										{
											"key": "Date",
											"value": "Thu, 17 Apr 2025 12:09:58 GMT"
										},
										{
											"key": "Connection",
											"value": "keep-alive"
										},
										{
											"key": "Keep-Alive",
											"value": "timeout=5"
										}
									],
									"cookie": [],
									"body": "{\n    \"success\": true,\n    \"status\": 200,\n    \"message\": \"Prompt Data Updated Successfully\"\n}"
								}
							]
						},
						{
							"name": "get-prompt",
							"request": {
								"auth": {
									"type": "noauth"
								},
								"method": "POST",
								"header": [],
								"body": {
									"mode": "raw",
									"raw": "{\r\n    \"prompt_type\" : \"face_scan\"\r\n}",
									"options": {
										"raw": {
											"language": "json"
										}
									}
								},
								"url": {
									"raw": "{{zynq}}/api/get-prompt",
									"host": [
										"{{zynq}}"
									],
									"path": [
										"api",
										"get-prompt"
									]
								}
							},
							"response": [
								{
									"name": "get-prompt",
									"originalRequest": {
										"method": "POST",
										"header": [],
										"body": {
											"mode": "raw",
											"raw": "{\r\n    \"prompt_type\" : \"face_scan\"\r\n}",
											"options": {
												"raw": {
													"language": "json"
												}
											}
										},
										"url": {
											"raw": "{{zynq}}/api/get-prompt",
											"host": [
												"{{zynq}}"
											],
											"path": [
												"api",
												"get-prompt"
											]
										}
									},
									"status": "OK",
									"code": 200,
									"_postman_previewlanguage": "json",
									"header": [
										{
											"key": "X-Powered-By",
											"value": "Express"
										},
										{
											"key": "Access-Control-Allow-Origin",
											"value": "*"
										},
										{
											"key": "Content-Type",
											"value": "application/json; charset=utf-8"
										},
										{
											"key": "Content-Length",
											"value": "247"
										},
										{
											"key": "ETag",
											"value": "W/\"f7-yhDKDDtLVSx8cleZ1E28Yc2gf0c\""
										},
										{
											"key": "Date",
											"value": "Fri, 18 Apr 2025 10:04:49 GMT"
										},
										{
											"key": "Connection",
											"value": "keep-alive"
										},
										{
											"key": "Keep-Alive",
											"value": "timeout=5"
										}
									],
									"cookie": [],
									"body": "{\n    \"success\": true,\n    \"status\": 200,\n    \"message\": \"Prompt Data Retrived Successfully\",\n    \"data\": {\n        \"aiprompt_id\": 2,\n        \"prompt_type\": \"face_scan\",\n        \"prompt\": \"prompt for face verification \",\n        \"created_at\": \"2025-04-17T06:39:09.000Z\",\n        \"updated_at\": \"2025-04-17T06:39:58.000Z\"\n    }\n}"
								}
							]
						}
					]
				},
				{
					"name": "Face Scan",
					"item": [
						{
							"name": "add-face-scan-result",
							"request": {
								"method": "POST",
								"header": [],
								"body": {
									"mode": "formdata",
									"formdata": [
										{
											"key": "skin_concerns",
											"value": "Acne, Dark Spots",
											"type": "text"
										},
										{
											"key": "skin_type",
											"value": "dry",
											"type": "text"
										},
										{
											"key": "file",
											"type": "file",
											"src": "/C:/Users/dell/Downloads/amorous_favicon.png"
										},
										{
											"key": "details",
											"value": "qqqqqqqqqqqqqqqqqqqqqqqqqqqqqqqqqqqqqqqqqqqqqqqqqqqqqqqqqqqqqqqqqqqqqqqqqqqqqqqqqqqq",
											"type": "text"
										}
									]
								},
								"url": {
									"raw": "{{zynq}}/api/add-face-scan-result",
									"host": [
										"{{zynq}}"
									],
									"path": [
										"api",
										"add-face-scan-result"
									]
								}
							},
							"response": [
								{
									"name": "add-face-scan-result",
									"originalRequest": {
										"method": "POST",
										"header": [],
										"body": {
											"mode": "formdata",
											"formdata": [
												{
													"key": "skin_concerns",
													"value": "Acne, Dark Spots",
													"type": "text"
												},
												{
													"key": "skin_type",
													"value": "dry",
													"type": "text"
												},
												{
													"key": "file",
													"type": "file",
													"src": "/C:/Users/dell/Downloads/amorous_favicon.png"
												},
												{
													"key": "details",
													"value": "asdfasdfasdfasdfasdfasdfasdfasdfasdfasdfasdfasdfasdfasdfasdfasdfasdfasdfasdfasdfasdfasdf",
													"type": "text"
												}
											]
										},
										"url": {
											"raw": "{{zynq}}/api/add-face-scan-result",
											"host": [
												"{{zynq}}"
											],
											"path": [
												"api",
												"add-face-scan-result"
											]
										}
									},
									"status": "OK",
									"code": 200,
									"_postman_previewlanguage": "json",
									"header": [
										{
											"key": "X-Powered-By",
											"value": "Express"
										},
										{
											"key": "Access-Control-Allow-Origin",
											"value": "*"
										},
										{
											"key": "Content-Type",
											"value": "application/json; charset=utf-8"
										},
										{
											"key": "Content-Length",
											"value": "75"
										},
										{
											"key": "ETag",
											"value": "W/\"4b-mZc101DlBz3f0Qcr+ftOv7uXeQM\""
										},
										{
											"key": "Date",
											"value": "Fri, 18 Apr 2025 10:05:27 GMT"
										},
										{
											"key": "Connection",
											"value": "keep-alive"
										},
										{
											"key": "Keep-Alive",
											"value": "timeout=5"
										}
									],
									"cookie": [],
									"body": "{\n    \"success\": true,\n    \"status\": 200,\n    \"message\": \"Face Scan Data Added Successfully\"\n}"
								}
							]
						},
						{
							"name": "get-face-scan-history",
							"protocolProfileBehavior": {
								"disableBodyPruning": true
							},
							"request": {
								"method": "GET",
								"header": [],
								"body": {
									"mode": "raw",
									"raw": "",
									"options": {
										"raw": {
											"language": "json"
										}
									}
								},
								"url": {
									"raw": "{{zynq}}/api/get-face-scan-history",
									"host": [
										"{{zynq}}"
									],
									"path": [
										"api",
										"get-face-scan-history"
									]
								}
							},
							"response": [
								{
									"name": "get-face-scan-history",
									"originalRequest": {
										"method": "GET",
										"header": [],
										"url": {
											"raw": "{{zynq}}/api/get-face-scan-history",
											"host": [
												"{{zynq}}"
											],
											"path": [
												"api",
												"get-face-scan-history"
											]
										}
									},
									"status": "OK",
									"code": 200,
									"_postman_previewlanguage": "json",
									"header": [
										{
											"key": "X-Powered-By",
											"value": "Express"
										},
										{
											"key": "Access-Control-Allow-Origin",
											"value": "*"
										},
										{
											"key": "Content-Type",
											"value": "application/json; charset=utf-8"
										},
										{
											"key": "Content-Length",
											"value": "643"
										},
										{
											"key": "ETag",
											"value": "W/\"283-TWAoNmZHwqvVJ8nZKZYZgVX8Loc\""
										},
										{
											"key": "Date",
											"value": "Fri, 18 Apr 2025 12:13:39 GMT"
										},
										{
											"key": "Connection",
											"value": "keep-alive"
										},
										{
											"key": "Keep-Alive",
											"value": "timeout=5"
										}
									],
									"cookie": [],
									"body": "{\n    \"success\": true,\n    \"status\": 200,\n    \"message\": \"Face Scan Data Retrived Successfully\",\n    \"data\": [\n        {\n            \"face_scan_result_id\": 5,\n            \"skin_type\": \"dry\",\n            \"skin_concerns\": \"Acne, Dark Spots\",\n            \"face\": \"\",\n            \"details\": \"qqqqqqqqqqqqqqqqqqqqqqqqqqqqqqqqqqqqqqqqqqqqqqqqqqqqqqqqqqqqqqqqqqqqqqqqqqqqqqqqqqqq\",\n            \"created_at\": \"2025-04-18T06:43:36.000Z\",\n            \"updated_at\": \"2025-04-18T06:43:36.000Z\",\n            \"user_id\": 3\n        },\n        {\n            \"face_scan_result_id\": 4,\n            \"skin_type\": \"dry\",\n            \"skin_concerns\": \"Acne, Dark Spots\",\n            \"face\": \"\",\n            \"details\": \"qqqqqqqqqqqqqqqqqqqqqqqqqqqqqqqqqqqqqqqqqqqqqqqqqqqqqqqqqqqqqqqqqqqqqqqqqqqqqqqqqqqq\",\n            \"created_at\": \"2025-04-18T06:36:59.000Z\",\n            \"updated_at\": \"2025-04-18T06:36:59.000Z\",\n            \"user_id\": 3\n        }\n    ]\n}"
								}
							]
						}
					]
				}
			],
			"auth": {
				"type": "bearer",
				"bearer": [
					{
						"key": "token",
						"value": "eyJhbGciOiJIUzI1NiIsInR5cCI6IkpXVCJ9.eyJ1c2VyX2lkIjozLCJtb2JpbGVfbnVtYmVyIjoiKzkxOTMwMjM5NDEyOSIsImlhdCI6MTc0NDk3MDcxMywiZXhwIjoxNzUyNzQ2NzEzfQ.8oWMADtGFWcORUmq5rBkdWXoIr9LHJ0XN_4TEhZBEqw",
						"type": "string"
					}
				]
			},
			"event": [
				{
					"listen": "prerequest",
					"script": {
						"type": "text/javascript",
						"packages": {},
						"exec": [
							""
						]
					}
				},
				{
					"listen": "test",
					"script": {
						"type": "text/javascript",
						"packages": {},
						"exec": [
							""
						]
					}
				}
			]
		},
		{
			"name": "admin",
			"item": [
				{
					"name": "Auth",
					"item": [
						{
							"name": "Login",
							"request": {
								"method": "POST",
								"header": [],
								"body": {
									"mode": "urlencoded",
									"urlencoded": [
										{
											"key": "email",
											"value": "abhishek.ctinfotech@gmail.com",
											"type": "text"
										},
										{
											"key": "password",
											"value": "Admin@1234",
											"type": "text"
										},
										{
											"key": "fcm_token",
											"value": "asd",
											"type": "text"
										}
									]
								},
								"url": {
									"raw": "{{zynq}}/admin/login",
									"host": [
										"{{zynq}}"
									],
									"path": [
										"admin",
										"login"
									]
								}
							},
							"response": [
								{
									"name": "Login Admin",
									"originalRequest": {
										"method": "POST",
										"header": [],
										"body": {
											"mode": "raw",
											"raw": "{\r\n    \"email\": \"austria.admin@yopmail.com\",\r\n    \"password\": \"Admin@123\"\r\n}",
											"options": {
												"raw": {
													"language": "json"
												}
											}
										},
										"url": {
											"raw": "{{austria express}}/admin/login",
											"host": [
												"{{austria express}}"
											],
											"path": [
												"admin",
												"login"
											]
										}
									},
									"status": "OK",
									"code": 200,
									"_postman_previewlanguage": "json",
									"header": [
										{
											"key": "X-Powered-By",
											"value": "Express"
										},
										{
											"key": "Access-Control-Allow-Origin",
											"value": "*"
										},
										{
											"key": "Content-Type",
											"value": "application/json; charset=utf-8"
										},
										{
											"key": "Content-Length",
											"value": "261"
										},
										{
											"key": "ETag",
											"value": "W/\"105-rqYk9hXxoSKci3bXFXnuVWwRozo\""
										},
										{
											"key": "Date",
											"value": "Mon, 23 Dec 2024 09:56:19 GMT"
										},
										{
											"key": "Connection",
											"value": "keep-alive"
										},
										{
											"key": "Keep-Alive",
											"value": "timeout=5"
										}
									],
									"cookie": [],
									"body": "{\n    \"success\": true,\n    \"status\": 200,\n    \"message\": \"Login Successful.\",\n    \"data\": \"{{vault:json-web-token}}\"\n}"
								}
							]
						},
						{
							"name": "forgot-password",
							"request": {
								"method": "POST",
								"header": [],
								"body": {
									"mode": "urlencoded",
									"urlencoded": [
										{
											"key": "email",
											"value": "abhishek.ctinfotech@gmail.com",
											"type": "text"
										}
									]
								},
								"url": {
									"raw": "{{zynq}}/admin/forgot-password",
									"host": [
										"{{zynq}}"
									],
									"path": [
										"admin",
										"forgot-password"
									]
								}
							},
							"response": []
						},
						{
							"name": "get-profile",
							"request": {
								"method": "GET",
								"header": [],
								"url": {
									"raw": "{{zynq}}/admin/get-profile",
									"host": [
										"{{zynq}}"
									],
									"path": [
										"admin",
										"get-profile"
									]
								}
							},
							"response": []
						},
						{
							"name": "Update Profile",
							"request": {
								"method": "POST",
								"header": [],
								"body": {
									"mode": "formdata",
									"formdata": [
										{
											"key": "email",
											"value": "abhishek.ctinfotech@gmail.com",
											"type": "text"
										},
										{
											"key": "full_name",
											"value": "Admin",
											"type": "text"
										},
										{
											"key": "mobile_number",
											"value": "9009690536",
											"type": "text"
										},
										{
											"key": "profile_images",
											"type": "file",
											"src": "/C:/Users/abhis/Downloads/ff07otyaj.png"
										}
									]
								},
								"url": {
									"raw": "{{zynq}}/admin/update-profile",
									"host": [
										"{{zynq}}"
									],
									"path": [
										"admin",
										"update-profile"
									]
								}
							},
							"response": []
						},
						{
							"name": "change-password",
							"request": {
								"method": "POST",
								"header": [],
								"body": {
									"mode": "urlencoded",
									"urlencoded": [
										{
											"key": "current_password",
											"value": "Admin@123",
											"type": "text"
										},
										{
											"key": "new_password",
											"value": "Admin@1234",
											"type": "text"
										},
										{
											"key": "confirm_password",
											"value": "Admin@1234",
											"type": "text"
										}
									]
								},
								"url": {
									"raw": "{{zynq}}/admin/change-password",
									"host": [
										"{{zynq}}"
									],
									"path": [
										"admin",
										"change-password"
									]
								}
							},
							"response": []
						}
					],
					"auth": {
						"type": "bearer",
						"bearer": [
							{
								"key": "token",
								"value": "eyJhbGciOiJIUzI1NiIsInR5cCI6IkpXVCJ9.eyJpZCI6IjcwZDEzNmQ3LTMyMTctMTFmMC05ZTA3LTBlOGU1ZDkwNmVlZiIsImlhdCI6MTc0NzczMjc5OSwiZXhwIjoxNzU1NTA4Nzk5fQ.BQsKNF4mbox12Mt6rZIwuo4q8bo3R6EpWVSt7N12_hs",
								"type": "string"
							}
						]
					},
					"event": [
						{
							"listen": "prerequest",
							"script": {
								"type": "text/javascript",
								"packages": {},
								"exec": [
									""
								]
							}
						},
						{
							"listen": "test",
							"script": {
								"type": "text/javascript",
								"packages": {},
								"exec": [
									""
								]
							}
						}
					]
				},
				{
					"name": "Clinic",
					"item": [
						{
							"name": "import-clinics-from-CSV",
							"request": {
								"auth": {
									"type": "noauth"
								},
								"method": "POST",
								"header": [],
								"body": {
									"mode": "formdata",
									"formdata": [
										{
											"key": "file",
											"type": "file",
											"src": "/C:/Users/dell/Downloads/testing amit dat.xlsx"
										}
									]
								},
								"url": {
									"raw": "{{zynq}}/admin/import-clinics-from-CSV",
									"host": [
										"{{zynq}}"
									],
									"path": [
										"admin",
										"import-clinics-from-CSV"
									]
								}
							},
							"response": [
								{
									"name": "import-clinics-from-CSV",
									"originalRequest": {
										"method": "POST",
										"header": [],
										"body": {
											"mode": "formdata",
											"formdata": [
												{
													"key": "file",
													"type": "file",
													"src": "/C:/Users/dell/Downloads/zynq clinic data.xlsx"
												}
											]
										},
										"url": {
											"raw": "{{zynq}}/admin/import-clinics-from-CSV",
											"host": [
												"{{zynq}}"
											],
											"path": [
												"admin",
												"import-clinics-from-CSV"
											]
										}
									},
									"status": "OK",
									"code": 200,
									"_postman_previewlanguage": "json",
									"header": [
										{
											"key": "X-Powered-By",
											"value": "Express"
										},
										{
											"key": "Access-Control-Allow-Origin",
											"value": "*"
										},
										{
											"key": "Content-Type",
											"value": "application/json; charset=utf-8"
										},
										{
											"key": "Content-Length",
											"value": "71"
										},
										{
											"key": "ETag",
											"value": "W/\"47-+3PcbHMtGXj3xXjbSohGh0Y6gSA\""
										},
										{
											"key": "Date",
											"value": "Thu, 08 May 2025 13:30:23 GMT"
										},
										{
											"key": "Connection",
											"value": "keep-alive"
										},
										{
											"key": "Keep-Alive",
											"value": "timeout=5"
										}
									],
									"cookie": [],
									"body": "{\n    \"success\": true,\n    \"status\": 200,\n    \"message\": \"Clinics imported successfully\"\n}"
								}
							]
						},
						{
							"name": "add-clinic-managment",
							"request": {
								"method": "POST",
								"header": [],
								"body": {
									"mode": "urlencoded",
									"urlencoded": [
										{
											"key": "json_data",
											"value": "[{\"Clinic Name\":\"Demo Clinic\",\"Swedish Organization Number\":\"123456-7890\",\"Email\":\"demo@clinic.com\",\"Contact Number\":\"701234567\",\"Address\":\"Testvägen 1\",\"City\":\"Stockholm\",\"Postal Code\":\"12345\"}]",
											"type": "text"
										}
									]
								},
								"url": {
									"raw": "{{zynq}}/admin/add-clinic-managment",
									"host": [
										"{{zynq}}"
									],
									"path": [
										"admin",
										"add-clinic-managment"
									]
								}
							},
							"response": []
						}
					]
				},
				{
					"name": "Dashboard",
					"item": [
						{
							"name": "get-dashboard",
							"request": {
								"method": "GET",
								"header": [],
								"url": {
									"raw": "{{zynq}}/admin/get-dashboard",
									"host": [
										"{{zynq}}"
									],
									"path": [
										"admin",
										"get-dashboard"
									],
									"query": [
										{
											"key": "page",
											"value": "1",
											"disabled": true
										},
										{
											"key": "limit",
											"value": "1",
											"disabled": true
										}
									]
								}
							},
							"response": [
								{
									"name": "get-dashboard",
									"originalRequest": {
										"method": "GET",
										"header": [],
										"url": {
											"raw": "{{zynq}}/admin/get-dashboard?page=1&limit=10",
											"host": [
												"{{zynq}}"
											],
											"path": [
												"admin",
												"get-dashboard"
											],
											"query": [
												{
													"key": "page",
													"value": "1"
												},
												{
													"key": "limit",
													"value": "10"
												}
											]
										}
									},
									"status": "OK",
									"code": 200,
									"_postman_previewlanguage": "json",
									"header": [
										{
											"key": "X-Powered-By",
											"value": "Express"
										},
										{
											"key": "Access-Control-Allow-Origin",
											"value": "*"
										},
										{
											"key": "Content-Type",
											"value": "application/json; charset=utf-8"
										},
										{
											"key": "Content-Length",
											"value": "372"
										},
										{
											"key": "ETag",
											"value": "W/\"174-rg6AsnWW0sUKIiUsT1fpL1f3pvs\""
										},
										{
											"key": "Date",
											"value": "Wed, 14 May 2025 07:37:05 GMT"
										},
										{
											"key": "Connection",
											"value": "keep-alive"
										},
										{
											"key": "Keep-Alive",
											"value": "timeout=5"
										}
									],
									"cookie": [],
									"body": "{\n    \"success\": true,\n    \"status\": 200,\n    \"message\": \"Get dashboard data retriev\",\n    \"data\": {\n        \"get_clinics\": 1,\n        \"get_doctors\": 0,\n        \"get_users\": 2,\n        \"get_earnings\": 0,\n        \"latest_clinic\": {\n            \"data\": [\n                {\n                    \"clinic_id\": 1,\n                    \"clinic_name\": \"7H Clinic AB\",\n                    \"address\": \"Prästliden 3\",\n                    \"date_joined\": \"May 12, 2025\",\n                    \"onboarding_progress\": 0\n                }\n            ],\n            \"pagination\": {\n                \"totalClinic\": 1,\n                \"totalPages\": 1,\n                \"currentPage\": 1,\n                \"clinicPerPage\": 10\n            }\n        }\n    }\n}"
								}
							]
						}
					],
					"auth": {
						"type": "bearer",
						"bearer": [
							{
								"key": "token",
								"value": "eyJhbGciOiJIUzI1NiIsInR5cCI6IkpXVCJ9.eyJpZCI6IjcwZDEzNmQ3LTMyMTctMTFmMC05ZTA3LTBlOGU1ZDkwNmVlZiIsImlhdCI6MTc0NzYzODc4MCwiZXhwIjoxNzU1NDE0NzgwfQ.TLpbbBSoXx2hPqSVppXF4QQhOEv5EWj3UNnbDgRV5T4",
								"type": "string"
							}
						]
					},
					"event": [
						{
							"listen": "prerequest",
							"script": {
								"type": "text/javascript",
								"packages": {},
								"exec": [
									""
								]
							}
						},
						{
							"listen": "test",
							"script": {
								"type": "text/javascript",
								"packages": {},
								"exec": [
									""
								]
							}
						}
					]
				},
				{
					"name": "User Managment",
					"item": [
						{
							"name": "get-users-managment",
							"request": {
								"method": "GET",
								"header": [],
								"url": {
									"raw": "{{zynq}}/admin/get-users-managment",
									"host": [
										"{{zynq}}"
									],
									"path": [
										"admin",
										"get-users-managment"
									],
									"query": [
										{
											"key": "page",
											"value": "1",
											"disabled": true
										},
										{
											"key": "limit",
											"value": "0",
											"disabled": true
										},
										{
											"key": "search",
											"value": "",
											"disabled": true
										}
									]
								}
							},
							"response": [
								{
									"name": "get-users-managment",
									"originalRequest": {
										"method": "GET",
										"header": [],
										"url": {
											"raw": "{{zynq}}/admin/get-users-managment?page=1&limit=10",
											"host": [
												"{{zynq}}"
											],
											"path": [
												"admin",
												"get-users-managment"
											],
											"query": [
												{
													"key": "page",
													"value": "1"
												},
												{
													"key": "limit",
													"value": "10"
												},
												{
													"key": "search",
													"value": "",
													"disabled": true
												}
											]
										}
									},
									"status": "OK",
									"code": 200,
									"_postman_previewlanguage": "json",
									"header": [
										{
											"key": "X-Powered-By",
											"value": "Express"
										},
										{
											"key": "Access-Control-Allow-Origin",
											"value": "*"
										},
										{
											"key": "Content-Type",
											"value": "application/json; charset=utf-8"
										},
										{
											"key": "Content-Length",
											"value": "1569"
										},
										{
											"key": "ETag",
											"value": "W/\"621-xnI9zWTXRA54HsENrx0j3SAMJSE\""
										},
										{
											"key": "Date",
											"value": "Wed, 14 May 2025 08:04:13 GMT"
										},
										{
											"key": "Connection",
											"value": "keep-alive"
										},
										{
											"key": "Keep-Alive",
											"value": "timeout=5"
										}
									],
									"cookie": [],
									"body": "{\n    \"success\": true,\n    \"status\": 200,\n    \"message\": \"Fetch user management successfully\",\n    \"data\": {\n        \"users\": [\n            {\n                \"user_id\": \"78019e93-2f20-11f0-a1d6-0e8e5d906eef\",\n                \"email\": \"raju@gmail.com\",\n                \"password\": null,\n                \"full_name\": \"Raju\",\n                \"age\": null,\n                \"gender\": null,\n                \"mobile_number\": \"+919302394128\",\n                \"fcm_token\": null,\n                \"otp\": \"\",\n                \"profile_image\": null,\n                \"language\": \"en\",\n                \"jwt_token\": \"eyJhbGciOiJIUzI1NiIsInR5cCI6IkpXVCJ9.eyJ1c2VyX2lkIjoiNzgwMTllOTMtMmYyMC0xMWYwLWExZDYtMGU4ZTVkOTA2ZWVmIiwibW9iaWxlX251bWJlciI6Iis5MTkzMDIzOTQxMjgiLCJpYXQiOjE3NDcyMDY4MzksImV4cCI6MTc1NDk4MjgzOX0.E8uaXFfDb2IndYNh8hdmGOeJlECr3b75umwbHwJkIik\",\n                \"is_verified\": 1,\n                \"is_active\": 1,\n                \"is_push_notification_on\": 1,\n                \"is_location_on\": 1,\n                \"created_at\": \"2025-05-12T05:31:34.000Z\",\n                \"updated_at\": \"2025-05-14T02:34:10.000Z\",\n                \"total_ai_scan_done\": 1\n            },\n            {\n                \"user_id\": \"72559ea4-2f1f-11f0-a1d6-0e8e5d906eef\",\n                \"email\": \"sameer@gmail.com\",\n                \"password\": null,\n                \"full_name\": \"Sameer\",\n                \"age\": 18,\n                \"gender\": \"Male\",\n                \"mobile_number\": \"+918719970685\",\n                \"fcm_token\": null,\n                \"otp\": \"\",\n                \"profile_image\": \"https://51.21.123.99:4000/1746710341279-ZYNQ clinics 250505 (1).xlsx\",\n                \"language\": \"en\",\n                \"jwt_token\": \"eyJhbGciOiJIUzI1NiIsInR5cCI6IkpXVCJ9.eyJ1c2VyX2lkIjoiNzI1NTllYTQtMmYxZi0xMWYwLWExZDYtMGU4ZTVkOTA2ZWVmIiwibW9iaWxlX251bWJlciI6Iis5MTg3MTk5NzA2ODUiLCJpYXQiOjE3NDcwNjY5NTIsImV4cCI6MTc1NDg0Mjk1Mn0.BC9CRBCTCU7ogtSjc_fDULfQrbmb1BsEy-E8QZYH7Cw\",\n                \"is_verified\": 1,\n                \"is_active\": 1,\n                \"is_push_notification_on\": 1,\n                \"is_location_on\": 1,\n                \"created_at\": \"2025-05-12T05:24:15.000Z\",\n                \"updated_at\": \"2025-05-14T02:33:56.000Z\",\n                \"total_ai_scan_done\": 10\n            }\n        ],\n        \"pagination\": {\n            \"totalUsers\": 2,\n            \"totalPages\": 1,\n            \"currentPage\": 1,\n            \"usersPerPage\": 10\n        }\n    }\n}"
								}
							]
						},
						{
							"name": "update-user-status",
							"request": {
								"method": "POST",
								"header": [],
								"body": {
									"mode": "urlencoded",
									"urlencoded": [
										{
											"key": "user_id",
											"value": "78019e93-2f20-11f0-a1d6-0e8e5d906eef",
											"type": "text"
										},
										{
											"key": "is_active",
											"value": "1",
											"type": "text"
										}
									]
								},
								"url": {
									"raw": "{{zynq}}/admin/update-user-status",
									"host": [
										"{{zynq}}"
									],
									"path": [
										"admin",
										"update-user-status"
									],
									"query": [
										{
											"key": "search",
											"value": "",
											"disabled": true
										}
									]
								}
							},
							"response": [
								{
									"name": "update-user-status",
									"originalRequest": {
										"method": "POST",
										"header": [],
										"body": {
											"mode": "urlencoded",
											"urlencoded": [
												{
													"key": "user_id",
													"value": "78019e93-2f20-11f0-a1d6-0e8e5d906eef",
													"type": "text"
												},
												{
													"key": "is_active",
													"value": "1",
													"type": "text"
												}
											]
										},
										"url": {
											"raw": "{{zynq}}/admin/update-user-status",
											"host": [
												"{{zynq}}"
											],
											"path": [
												"admin",
												"update-user-status"
											],
											"query": [
												{
													"key": "search",
													"value": "",
													"disabled": true
												}
											]
										}
									},
									"status": "OK",
									"code": 200,
									"_postman_previewlanguage": "json",
									"header": [
										{
											"key": "X-Powered-By",
											"value": "Express"
										},
										{
											"key": "Access-Control-Allow-Origin",
											"value": "*"
										},
										{
											"key": "Content-Type",
											"value": "application/json; charset=utf-8"
										},
										{
											"key": "Content-Length",
											"value": "223"
										},
										{
											"key": "ETag",
											"value": "W/\"df-vi66dGFzvf1PiNmyCIQ0XSRpklQ\""
										},
										{
											"key": "Date",
											"value": "Wed, 14 May 2025 08:18:59 GMT"
										},
										{
											"key": "Connection",
											"value": "keep-alive"
										},
										{
											"key": "Keep-Alive",
											"value": "timeout=5"
										}
									],
									"cookie": [],
									"body": "{\n    \"success\": true,\n    \"status\": 200,\n    \"message\": \"Update status successfully\",\n    \"data\": {\n        \"fieldCount\": 0,\n        \"affectedRows\": 1,\n        \"insertId\": 0,\n        \"info\": \"Rows matched: 1  Changed: 1  Warnings: 0\",\n        \"serverStatus\": 2,\n        \"warningStatus\": 0,\n        \"changedRows\": 1\n    }\n}"
								}
							]
						}
					]
				},
				{
					"name": "Clinic Managment",
					"item": [
						{
							"name": "get-clinic-managment",
							"request": {
								"method": "GET",
								"header": [],
								"url": {
									"raw": "{{zynq}}/admin/get-clinic-managment?page=1&limit=10",
									"host": [
										"{{zynq}}"
									],
									"path": [
										"admin",
										"get-clinic-managment"
									],
									"query": [
										{
											"key": "page",
											"value": "1"
										},
										{
											"key": "limit",
											"value": "10"
										}
									]
								}
							},
							"response": [
								{
									"name": "get-clinic-managment",
									"originalRequest": {
										"method": "GET",
										"header": [],
										"url": {
											"raw": "{{zynq}}/admin/get-clinic-managment?page=1&limit=10",
											"host": [
												"{{zynq}}"
											],
											"path": [
												"admin",
												"get-clinic-managment"
											],
											"query": [
												{
													"key": "page",
													"value": "1"
												},
												{
													"key": "limit",
													"value": "10"
												}
											]
										}
									},
									"status": "OK",
									"code": 200,
									"_postman_previewlanguage": "json",
									"header": [
										{
											"key": "X-Powered-By",
											"value": "Express"
										},
										{
											"key": "Access-Control-Allow-Origin",
											"value": "*"
										},
										{
											"key": "Content-Type",
											"value": "application/json; charset=utf-8"
										},
										{
											"key": "Content-Length",
											"value": "724"
										},
										{
											"key": "ETag",
											"value": "W/\"2d4-/KHum8YFrw+Ml3Y6DJXIygiN1+A\""
										},
										{
											"key": "Date",
											"value": "Wed, 14 May 2025 09:46:12 GMT"
										},
										{
											"key": "Connection",
											"value": "keep-alive"
										},
										{
											"key": "Keep-Alive",
											"value": "timeout=5"
										}
									],
									"cookie": [],
									"body": "{\n    \"success\": true,\n    \"status\": 200,\n    \"message\": \"Fetch clinic management successfully\",\n    \"data\": {\n        \"users\": [\n            {\n                \"clinic_id\": 1,\n                \"clinic_name\": \"7H Clinic AB\",\n                \"clinic_description\": null,\n                \"clinic_logo\": null,\n                \"org_number\": \"\",\n                \"email\": \"amitcarpenter.ctinfotech@gmail.com\",\n                \"mobile_number\": \"070-690 91 74\",\n                \"address\": \"Prästliden 3\",\n                \"is_invited\": 1,\n                \"is_active\": 0,\n                \"onboarding_token\": \"wwuon2w6tte\",\n                \"profile_completion_percentage\": 0,\n                \"created_at\": \"2025-05-12T05:24:14.000Z\",\n                \"updated_at\": \"2025-05-12T06:36:28.000Z\",\n                \"email_sent_at\": \"2025-05-12T12:06:29.000Z\",\n                \"password\": \"$2b$10$.BIAj.3Z5WiprFnT1BKdM.xfztYh4DbtK5PnKa84qSF5ht8KQkIXy\",\n                \"show_password\": \"im$at4fO\",\n                \"is_onboarded\": 0\n            }\n        ],\n        \"pagination\": {\n            \"totalUsers\": 1,\n            \"totalPages\": 1,\n            \"currentPage\": 1,\n            \"clinicsPerPage\": 10\n        }\n    }\n}"
								}
							]
						}
					]
				},
				{
					"name": "Doctor Managment",
					"item": [
						{
							"name": "get-dcotors-managment",
							"request": {
								"method": "GET",
								"header": [],
								"url": {
									"raw": "{{zynq}}/admin/get-dcotors-managment",
									"host": [
										"{{zynq}}"
									],
									"path": [
										"admin",
										"get-dcotors-managment"
									],
									"query": [
										{
											"key": "page",
											"value": "1",
											"disabled": true
										},
										{
											"key": "limit",
											"value": "10",
											"disabled": true
										}
									]
								}
							},
							"response": [
								{
									"name": "get-dcotors-managment",
									"originalRequest": {
										"method": "GET",
										"header": [],
										"url": {
											"raw": "{{zynq}}/admin/get-dcotors-managment?page=1&limit=10",
											"host": [
												"{{zynq}}"
											],
											"path": [
												"admin",
												"get-dcotors-managment"
											],
											"query": [
												{
													"key": "page",
													"value": "1"
												},
												{
													"key": "limit",
													"value": "10"
												}
											]
										}
									},
									"status": "OK",
									"code": 200,
									"_postman_previewlanguage": "json",
									"header": [
										{
											"key": "X-Powered-By",
											"value": "Express"
										},
										{
											"key": "Access-Control-Allow-Origin",
											"value": "*"
										},
										{
											"key": "Content-Type",
											"value": "application/json; charset=utf-8"
										},
										{
											"key": "Content-Length",
											"value": "183"
										},
										{
											"key": "ETag",
											"value": "W/\"b7-rZCZB0rVWU0OQuQfWRhc/Y1NrQE\""
										},
										{
											"key": "Date",
											"value": "Wed, 14 May 2025 10:20:54 GMT"
										},
										{
											"key": "Connection",
											"value": "keep-alive"
										},
										{
											"key": "Keep-Alive",
											"value": "timeout=5"
										}
									],
									"cookie": [],
									"body": "{\n    \"success\": true,\n    \"status\": 200,\n    \"message\": \"Fetch doctor management successfully\",\n    \"data\": {\n        \"doctors\": [],\n        \"pagination\": {\n            \"totalDoctors\": 0,\n            \"totalPages\": 0,\n            \"currentPage\": 1,\n            \"doctorsPerPage\": 10\n        }\n    }\n}"
								}
							]
						}
					]
				},
				{
					"name": "Product Managment",
					"item": [
						{
							"name": "get-products-managment",
							"request": {
								"method": "GET",
								"header": [],
								"url": {
									"raw": "{{zynq}}/admin/get-products-managment",
									"host": [
										"{{zynq}}"
									],
									"path": [
										"admin",
										"get-products-managment"
									],
									"query": [
										{
											"key": "page",
											"value": "1",
											"disabled": true
										},
										{
											"key": "limit",
											"value": "10",
											"disabled": true
										}
									]
								}
							},
							"response": []
						}
					]
				},
				{
					"name": "Appointment Managmen",
					"item": [
						{
							"name": "get-appointments",
							"request": {
								"method": "GET",
								"header": [],
								"url": {
									"raw": "{{zynq}}/admin/get-appointments",
									"host": [
										"{{zynq}}"
									],
									"path": [
										"admin",
										"get-appointments"
									],
									"query": [
										{
											"key": "page",
											"value": "1",
											"disabled": true
										},
										{
											"key": "limit",
											"value": "10",
											"disabled": true
										}
									]
								}
							},
							"response": []
						}
					]
				}
			],
			"auth": {
				"type": "bearer",
				"bearer": [
					{
						"key": "token",
						"value": "eyJhbGciOiJIUzI1NiIsInR5cCI6IkpXVCJ9.eyJpZCI6IjcwZDEzNmQ3LTMyMTctMTFmMC05ZTA3LTBlOGU1ZDkwNmVlZiIsImlhdCI6MTc0NzcyOTQ3MiwiZXhwIjoxNzU1NTA1NDcyfQ.MWp0zuswuXtJhmGoJOtoTniSz7IFtdDVkqxy7lPcVRo",
						"type": "string"
					}
				]
			},
			"event": [
				{
					"listen": "prerequest",
					"script": {
						"type": "text/javascript",
						"packages": {},
						"exec": [
							""
						]
					}
				},
				{
					"listen": "test",
					"script": {
						"type": "text/javascript",
						"packages": {},
						"exec": [
							""
						]
					}
				}
			]
		},
		{
			"name": "clinic",
			"item": [
				{
					"name": "auth",
					"item": []
				}
			]
		}
	],
	"event": [
		{
			"listen": "prerequest",
			"script": {
				"type": "text/javascript",
				"packages": {},
				"exec": [
					""
				]
			}
		},
		{
			"listen": "test",
			"script": {
				"type": "text/javascript",
				"packages": {},
				"exec": [
					""
				]
			}
		}
	],
	"variable": [
		{
			"key": "zynq",
			"value": "http://192.168.29.44:4000"
		},
		{
			"key": "zynq",
			"value": "https://51.21.123.99:4000/",
			"type": "string",
			"disabled": true
		}
	]
}